Time,Symbol,Open,High,Low,Close,Volume,Supertrend,Polaridad,DEMA800,Half-Order,Profit,Stoploss-Reached,Exit-Price,ATR
2021-10-01 03:00:00-05:00,XRPUSDT,0.9706,1.0315,0.9678,1.0221,78116709.0,0.9129232138080695,Buy,1.0141742,True,True,False,1.0815,0.027658794835574728
2021-10-12 23:00:00-05:00,XRPUSDT,1.1196,1.1209,1.0811,1.0815,39907406.0,1.2113794893263559,Sell,1.0838724,False,True,False,1.0764,0.03593689271765559
2021-10-20 11:00:00-05:00,XRPUSDT,1.1434,1.1541,1.1382,1.1505,20841739.0,1.0826694125234342,Buy,1.1130151,False,False,True,1.0826694125234342,0.02306507285480054
2021-10-24 07:00:00-05:00,XRPUSDT,1.084,1.0903,1.0733,1.0764,22054708.0,1.1296959824484176,Sell,1.1149965,False,False,True,1.1296959824484176,0.019156132407171796
2021-10-25 23:00:00-05:00,XRPUSDT,1.1173,1.1315,1.1073,1.1261,30003332.0,1.0636411003570123,Buy,1.1146974,False,False,True,1.0636411003570123,0.019031245391175837
2021-10-27 03:00:00-05:00,XRPUSDT,1.0807,1.0809,0.9363,1.0148,155060680.0,1.1454537328718226,Sell,1.1138573,False,False,True,1.1454537328718226,0.033302910048027344
2021-10-30 23:00:00-05:00,XRPUSDT,1.1077,1.1557,1.1056,1.1252,57605168.0,1.0442751349465322,Buy,1.1017107,True,False,False,1.1252,0.02842581666257669
2021-11-12 03:00:00-05:00,XRPUSDT,1.2045,1.2107,1.1528,1.172,48860960.0,1.3140226913559054,Sell,1.1944695,True,True,False,0.9965,0.04326631598354846
2021-12-03 11:00:00-05:00,XRPUSDT,0.9612,0.9612,0.9256,0.9288,24878358.0,1.0063901055491304,Sell,1.0183443,True,True,False,0.9038,0.02175860709155385
2021-12-13 11:00:00-05:00,XRPUSDT,0.7989,0.8068,0.7604,0.7741,47146835.0,0.8652524763121364,Sell,0.8574895,False,False,True,0.8652524763121364,0.028288880855736886
2021-12-19 19:00:00-05:00,XRPUSDT,0.8346,0.9112,0.824,0.9073,104844994.0,0.7894212129685265,Buy,0.8093821,False,False,True,0.7894212129685265,0.022547410341052447
2022-01-12 07:00:00-05:00,XRPUSDT,0.7709,0.8086,0.7705,0.7912,46703432.0,0.72460134512976,Buy,0.7672335,False,False,True,0.72460134512976,0.0210489149362886
2022-01-18 07:00:00-05:00,XRPUSDT,0.7478,0.7494,0.738,0.7441,15721095.0,0.7832548828463899,Sell,0.7511156,True,True,False,0.6258,0.013625866928948979
2022-01-31 19:00:00-05:00,XRPUSDT,0.6173,0.627,0.6107,0.6258,13255152.0,0.5763948493398172,Buy,0.6092139,True,True,False,0.7592,0.014496477239833251
2022-02-25 15:00:00-05:00,XRPUSDT,0.7294,0.781,0.7258,0.7697,75830201.0,0.6548587856963584,Buy,0.737154,False,True,False,0.8018,0.031382097253894646
2022-03-04 11:00:00-05:00,XRPUSDT,0.7325,0.7417,0.712,0.7137,34525911.0,0.7894656083938987,Sell,0.7450395,False,False,True,0.7894656083938987,0.02163103295834445
2022-03-11 15:00:00-05:00,XRPUSDT,0.7367,0.8139,0.7367,0.8018,229973503.0,0.6992254182078155,Buy,0.740516,True,True,False,0.8229,0.021805748668447162
2022-03-31 07:00:00-05:00,XRPUSDT,0.8686,0.8725,0.7478,0.8229,198226069.0,0.9025661256322239,Sell,0.8382546,True,True,False,0.786,0.02402619214204981
2022-04-14 19:00:00-05:00,XRPUSDT,0.726,0.7899,0.7259,0.786,110135444.0,0.687066308334293,Buy,0.777376,False,False,True,0.687066308334293,0.019711816759309074
2022-04-17 23:00:00-05:00,XRPUSDT,0.7572,0.758,0.7264,0.7338,71928803.0,0.8000920638191603,Sell,0.7745855,True,True,False,0.6459,0.01837616960195738
2022-05-05 07:00:00-05:00,XRPUSDT,0.6359,0.6384,0.59,0.6006,162145530.0,0.6707757195683794,Sell,0.6448481,True,True,False,0.4184,0.017004734563153143
2022-05-30 15:00:00-05:00,XRPUSDT,0.4007,0.4195,0.3998,0.4184,59771373.0,0.383476044554801,Buy,0.3680104,False,False,True,0.383476044554801,0.008548119388840212
2022-06-07 11:00:00-05:00,XRPUSDT,0.3947,0.4155,0.3927,0.4137,61298404.0,0.3753191909347302,Buy,0.3547803,False,False,True,0.3753191909347302,0.008383353341275756
2022-06-23 19:00:00-05:00,XRPUSDT,0.3353,0.3775,0.3346,0.3676,144547860.0,0.31937392826590016,Buy,0.2956427,False,False,True,0.31937392826590016,0.01076623402195641
2022-07-04 15:00:00-05:00,XRPUSDT,0.3241,0.3297,0.3218,0.3283,27346095.0,0.30420258084400564,Buy,0.297118,True,False,False,0.3283,0.007583211497416673
2022-07-14 15:00:00-05:00,XRPUSDT,0.327,0.3337,0.3257,0.3334,28934337.0,0.3040657082054334,Buy,0.3002157,True,True,False,0.3448,0.008303155710078624
2022-07-27 11:00:00-05:00,XRPUSDT,0.3379,0.3565,0.3339,0.3531,80969725.0,0.3167602847332629,Buy,0.3300402,True,True,False,0.3633,0.008787136258450162
2022-08-10 15:00:00-05:00,XRPUSDT,0.3753,0.3812,0.3753,0.3811,19650287.0,0.35757711669874265,Buy,0.3641083,False,False,True,0.35757711669874265,0.006432431168896425
2022-08-15 03:00:00-05:00,XRPUSDT,0.3695,0.3716,0.3655,0.3681,36630486.0,0.39294597613235777,Sell,0.370826,True,True,False,0.3534,0.007215750194797513
2022-08-26 19:00:00-05:00,XRPUSDT,0.339,0.3447,0.3323,0.3364,46543675.0,0.3680075784608478,Sell,0.3538038,False,False,True,0.3680075784608478,0.00837465996975523
2022-09-07 15:00:00-05:00,XRPUSDT,0.3334,0.3384,0.3331,0.3365,46396090.0,0.3155219157827619,Buy,0.3309952,True,True,False,0.3391,0.006135458739583846
2022-09-16 15:00:00-05:00,XRPUSDT,0.341,0.3581,0.341,0.3551,83451511.0,0.32195063516837563,Buy,0.3361484,True,False,False,0.3551,0.008117473953889044
2022-09-29 15:00:00-05:00,XRPUSDT,0.4407,0.5101,0.4405,0.4872,853295277.0,0.4083558999424052,Buy,0.4314239,False,True,False,0.4935,0.021176054543731993
2022-10-10 15:00:00-05:00,XRPUSDT,0.521,0.5241,0.4922,0.4935,283039647.0,0.5530885948036719,Sell,0.4959472,False,True,False,0.4577,0.013820155333523538
2022-10-13 19:00:00-05:00,XRPUSDT,0.4789,0.507,0.4778,0.5018,233241755.0,0.43717163322358826,Buy,0.5002661,False,False,True,0.43717163322358826,0.01636717553021531
2022-10-18 23:00:00-05:00,XRPUSDT,0.4623,0.4628,0.4538,0.4577,97515406.0,0.4867403279677669,Sell,0.5004897,True,False,False,0.4577,0.009993867221857109
2022-11-02 15:00:00-05:00,XRPUSDT,0.4516,0.4538,0.4446,0.4496,49086543.0,0.4758690112160256,Sell,0.4782949,False,False,True,0.4758690112160256,0.008715634787379477
2022-11-04 03:00:00-05:00,XRPUSDT,0.4641,0.5074,0.4627,0.4885,302391747.0,0.44763688070298907,Buy,0.4769022,False,False,True,0.44763688070298907,0.010276974653878336
2022-11-06 23:00:00-05:00,XRPUSDT,0.474,0.4743,0.4608,0.4628,58269578.0,0.49920130444718314,Sell,0.4829636,True,True,False,0.3769,0.010388963052560565
2022-11-20 15:00:00-05:00,XRPUSDT,0.3777,0.378,0.3584,0.361,106940962.0,0.3976606147994497,Sell,0.3934106,False,False,True,0.3976606147994497,0.009808304884326336
2022-11-23 19:00:00-05:00,XRPUSDT,0.3813,0.3839,0.3778,0.3823,51128340.0,0.3567434479789279,Buy,0.3814494,True,False,False,0.3823,0.008902343849141153
2022-11-27 19:00:00-05:00,XRPUSDT,0.396,0.3989,0.3728,0.3806,175388280.0,0.4183266196519946,Sell,0.3837345,False,True,False,0.365,0.010101330207518367
2022-11-30 11:00:00-05:00,XRPUSDT,0.4015,0.4118,0.3925,0.4071,92263776.0,0.37430070224443046,Buy,0.3833092,False,False,True,0.37430070224443046,0.009135321659897222
2022-12-05 23:00:00-05:00,XRPUSDT,0.3827,0.385,0.3808,0.3822,41940560.0,0.4017728588644995,Sell,0.3826022,True,True,False,0.365,0.006251875219238124
2022-12-13 07:00:00-05:00,XRPUSDT,0.3856,0.3966,0.3853,0.3901,187749704.0,0.3704369853273271,Buy,0.3789753,False,False,True,0.3704369853273271,0.005871500826352456
2022-12-16 03:00:00-05:00,XRPUSDT,0.3795,0.3796,0.3553,0.365,210968908.0,0.39098648884268744,Sell,0.3778703,True,True,False,0.3559,0.006807533968025682
2022-12-26 07:00:00-05:00,XRPUSDT,0.3506,0.3564,0.3506,0.3559,82849575.0,0.3437038530386298,Buy,0.3494556,True,False,False,0.3559,0.0035389209425862717
2022-12-28 19:00:00-05:00,XRPUSDT,0.3558,0.3577,0.3423,0.3458,214670584.0,0.371452816864918,Sell,0.3496659,True,False,False,0.3458,0.006208290535542828
2023-01-02 07:00:00-05:00,XRPUSDT,0.3442,0.3531,0.3419,0.3508,97683560.0,0.31719045692954706,Buy,0.3413427,True,True,False,0.3977,0.007930596380108021
2023-01-30 03:00:00-05:00,XRPUSDT,0.4109,0.4121,0.3958,0.3977,189706538.0,0.42703773963444525,Sell,0.4007913,True,True,False,0.3867,0.007241071667723234
2023-02-04 11:00:00-05:00,XRPUSDT,0.4132,0.4209,0.4111,0.4165,58776070.0,0.40036861844722926,Buy,0.4072748,False,False,True,0.40036861844722926,0.005863077982740504
2023-02-05 07:00:00-05:00,XRPUSDT,0.4093,0.4102,0.3985,0.4003,181089301.0,0.4216415525051672,Sell,0.4079971,True,False,False,0.4003,0.005945829515688533
2023-02-24 11:00:00-05:00,XRPUSDT,0.3816,0.3816,0.3722,0.3777,90378948.0,0.3972157890298518,Sell,0.3939568,True,False,False,0.3777,0.006813740498226279
2023-03-07 07:00:00-05:00,XRPUSDT,0.3704,0.3827,0.3704,0.3785,229077651.0,0.3583328219675321,Buy,0.3784224,True,False,False,0.3785,0.0057145447824127095
2023-03-10 03:00:00-05:00,XRPUSDT,0.3703,0.3715,0.3566,0.3614,162964640.0,0.3961083435960321,Sell,0.3789321,False,False,True,0.3961083435960321,0.00928816164399801
2023-03-14 07:00:00-05:00,XRPUSDT,0.3679,0.3873,0.3649,0.3847,229222761.0,0.34616071797282144,Buy,0.3729588,True,True,False,0.4955,0.009268616625682917
2023-04-10 23:00:00-05:00,XRPUSDT,0.5156,0.5282,0.5145,0.5226,89999636.0,0.4993334010072006,Buy,0.5111092,False,False,True,0.4993334010072006,0.007417062043374371
2023-04-19 03:00:00-05:00,XRPUSDT,0.522,0.5224,0.463,0.4973,386657398.0,0.5433879302681761,Sell,0.5284239,True,True,False,0.4423,0.012163663171903075
2023-05-16 15:00:00-05:00,XRPUSDT,0.4225,0.4429,0.4219,0.4423,95822502.0,0.41060099104359565,Buy,0.4417831,True,True,False,0.4506,0.0066027126354932415
2023-05-24 07:00:00-05:00,XRPUSDT,0.4563,0.4571,0.4439,0.4506,95821005.0,0.4703979299313333,Sell,0.4506811,False,False,True,0.4703979299313333,0.00668931468772148
2023-05-26 19:00:00-05:00,XRPUSDT,0.4681,0.4748,0.4652,0.4736,38650350.0,0.4488284425870787,Buy,0.4522412,True,True,False,0.5037,0.006948820964169671
2023-06-13 03:00:00-05:00,XRPUSDT,0.5293,0.5656,0.5264,0.5614,286176596.0,0.5031172170142268,Buy,0.5152132,False,False,True,0.5031172170142268,0.013091961847973217
2023-06-13 23:00:00-05:00,XRPUSDT,0.5137,0.5159,0.4958,0.5006,115445353.0,0.5581443666625437,Sell,0.5158995,False,True,False,0.4731,0.015600883914476709
2023-06-21 19:00:00-05:00,XRPUSDT,0.4999,0.5272,0.4979,0.5162,172500954.0,0.4757976589355147,Buy,0.5030662,False,False,True,0.4757976589355147,0.011012270357789422
2023-06-27 23:00:00-05:00,XRPUSDT,0.4823,0.4833,0.4706,0.4731,64735720.0,0.49961716082647606,Sell,0.4972319,True,False,False,0.4731,0.008003397892667762
2023-07-01 19:00:00-05:00,XRPUSDT,0.4733,0.4956,0.4695,0.4935,145808720.0,0.4518886223392031,Buy,0.4890379,True,False,False,0.4935,0.00969719324140693
2023-07-06 07:00:00-05:00,XRPUSDT,0.4752,0.4759,0.4612,0.4695,101804145.0,0.4942713207805215,Sell,0.4866601,False,False,True,0.4942713207805215,0.008379609000887574
2023-08-15 11:00:00-05:00,XRPUSDT,0.6249,0.6269,0.5729,0.6024,307367805.0,0.6394394183027596,Sell,0.6720273,True,True,False,0.5346,0.01031030966926674
2023-08-31 11:00:00-05:00,XRPUSDT,0.5174,0.52,0.4948,0.5098,179816039.0,0.5380114626226102,Sell,0.5394601,True,True,False,0.5002,0.009049437314787193
2023-09-15 15:00:00-05:00,XRPUSDT,0.4978,0.5035,0.4975,0.5002,39332557.0,0.477299743807207,Buy,0.4834001,True,False,False,0.5002,0.007811097836055184
2023-09-29 07:00:00-05:00,XRPUSDT,0.5117,0.5495,0.5114,0.5317,590351024.0,0.5003238699381495,Buy,0.4891726,False,False,True,0.5003238699381495,0.008036633556591297
2023-10-09 03:00:00-05:00,XRPUSDT,0.5143,0.5145,0.483,0.4979,238694330.0,0.5244950839463988,Sell,0.5050923,False,True,False,0.496,0.0072695168209825495
2023-10-16 11:00:00-05:00,XRPUSDT,0.4919,0.4978,0.4901,0.496,36028983.0,0.47264550638173475,Buy,0.4906369,True,False,False,0.496,0.006028368797890257
2023-12-10 19:00:00-05:00,XRPUSDT,0.6625,0.6636,0.5783,0.6276,266803287.0,0.6949827116665138,Sell,0.646982,True,True,False,0.5769,0.01975593210757031
2023-12-25 03:00:00-05:00,XRPUSDT,0.6165,0.6496,0.6163,0.6427,168140005.0,0.5960003953569186,Buy,0.6286678,False,False,True,0.5960003953569186,0.010430300225334945
2024-01-03 07:00:00-05:00,XRPUSDT,0.6189,0.6192,0.4461,0.5769,751507217.0,0.6356248787293708,Sell,0.6291063,False,True,False,0.5467,0.021688261040077223
2024-01-10 15:00:00-05:00,XRPUSDT,0.5792,0.6153,0.5614,0.601,258214790.0,0.5244000484302959,Buy,0.5939135,False,False,True,0.5244000484302959,0.017610960128753822
2024-01-18 11:00:00-05:00,XRPUSDT,0.5623,0.563,0.5412,0.5467,76399904.0,0.5785559962920163,Sell,0.5797151,True,True,False,0.5322,0.008968626239389084
2024-01-30 11:00:00-05:00,XRPUSDT,0.5256,0.5294,0.5138,0.5143,98982779.0,0.5476588505051208,Sell,0.5304802,False,False,True,0.5476588505051208,0.007799907967864644
2024-02-09 03:00:00-05:00,XRPUSDT,0.5174,0.5263,0.5164,0.5246,63711397.0,0.5013533883857076,Buy,0.5043455,True,True,False,0.5393,0.006658816133972209
2024-02-27 03:00:00-05:00,XRPUSDT,0.5524,0.5655,0.5522,0.5603,69122547.0,0.5318123488379759,Buy,0.5351843,True,False,False,0.5603,0.008483592359733918
2024-03-05 11:00:00-05:00,XRPUSDT,0.639,0.6426,0.526,0.5681,576152206.0,0.6959585571667877,Sell,0.585343,False,False,True,0.6959585571667877,0.02928017543579861
2024-03-11 07:00:00-05:00,XRPUSDT,0.6236,0.6969,0.6164,0.6941,253436339.0,0.5839454102774814,Buy,0.6089734,False,False,True,0.5839454102774814,0.020259657110067057
2024-03-15 03:00:00-05:00,XRPUSDT,0.6363,0.6377,0.5939,0.6227,316132429.0,0.7088475735280201,Sell,0.6413464,False,True,False,0.6001,0.027332696224737028
2024-03-25 11:00:00-05:00,XRPUSDT,0.6426,0.6634,0.6335,0.6558,193355109.0,0.6062860914013761,Buy,0.6367979,False,False,True,0.6062860914013761,0.014678629281230966
2024-04-01 07:00:00-05:00,XRPUSDT,0.6098,0.6153,0.5948,0.6001,127086087.0,0.640255841921122,Sell,0.6362838,False,False,True,0.640255841921122,0.011352103608589363
2024-04-08 07:00:00-05:00,XRPUSDT,0.6079,0.6197,0.6023,0.6159,101305103.0,0.5799203185204236,Buy,0.6139198,False,False,True,0.5799203185204236,0.010436946658920629
2024-04-12 11:00:00-05:00,XRPUSDT,0.5939,0.5973,0.4801,0.5364,639698071.0,0.6163559835207605,Sell,0.6134978,True,True,False,0.5334,0.019008071358822456
2024-04-24 23:00:00-05:00,XRPUSDT,0.5255,0.5293,0.5183,0.5221,43560159.0,0.5599430948190808,Sell,0.5328884,True,False,False,0.5221,0.011839536803591481
2024-05-02 11:00:00-05:00,XRPUSDT,0.5197,0.5235,0.5179,0.5229,28485376.0,0.48940817327242225,Buy,0.5119439,True,False,False,0.5229,0.010541636617352565
2024-05-15 11:00:00-05:00,XRPUSDT,0.5103,0.5186,0.5096,0.5184,49350068.0,0.4892827454584124,Buy,0.5030367,False,True,False,0.5335,0.007981373814554339
2024-05-20 11:00:00-05:00,XRPUSDT,0.5165,0.534,0.5159,0.5335,93356779.0,0.5011016920187726,Buy,0.5050139,False,False,True,0.5011016920187726,0.00683068598828103
2024-05-29 23:00:00-05:00,XRPUSDT,0.5278,0.5286,0.5137,0.5162,69622461.0,0.544556517030274,Sell,0.5182538,True,True,False,0.4933,0.007739899339967315
2024-06-04 07:00:00-05:00,XRPUSDT,0.523,0.53,0.5224,0.5298,52123006.0,0.5095125893109647,Buy,0.5167365,False,False,True,0.5095125893109647,0.005525987155117935
2024-06-07 11:00:00-05:00,XRPUSDT,0.5245,0.5245,0.448,0.4933,499927439.0,0.5319782189933406,Sell,0.5176275,False,True,False,0.4756,0.010148204677890944
2024-06-23 19:00:00-05:00,XRPUSDT,0.4797,0.4803,0.4709,0.4756,43270483.0,0.4920425614522869,Sell,0.4862376,False,True,False,0.4625,0.0062359108893278265
2024-07-02 03:00:00-05:00,XRPUSDT,0.4784,0.4886,0.478,0.486,95571627.0,0.46896094562425894,Buy,0.4734626,False,False,True,0.46896094562425894,0.004594716398186873
2024-07-03 11:00:00-05:00,XRPUSDT,0.4716,0.4718,0.4608,0.4625,112160064.0,0.4867102999833584,Sell,0.4728561,True,True,False,0.448,0.005788183441091669
2024-07-07 19:00:00-05:00,XRPUSDT,0.4193,0.4205,0.4028,0.4143,116426497.0,0.4444419093859011,Sell,0.452294,False,False,True,0.4444419093859011,0.010487322927817358
2024-07-11 03:00:00-05:00,XRPUSDT,0.4443,0.4523,0.444,0.4496,64487722.0,0.4273858672871084,Buy,0.4424717,True,True,False,0.549,0.007906330103471157
2024-07-22 03:00:00-05:00,XRPUSDT,0.5976,0.6138,0.5909,0.6108,206803944.0,0.5521135527402323,Buy,0.5319264,False,False,True,0.5521135527402323,0.017310394539783627
2024-08-01 07:00:00-05:00,XRPUSDT,0.6098,0.6137,0.582,0.5853,219403490.0,0.6544629137968188,Sell,0.6003245,True,False,False,0.5853,0.01715545580463072
2024-08-07 15:00:00-05:00,XRPUSDT,0.5329,0.6444,0.5137,0.6,1575366535.0,0.4651093439105286,Buy,0.5709341,False,False,False,,0.030438081467997598
2024-08-26 11:00:00-05:00,XRPUSDT,0.5923,0.5935,0.5772,0.5811,118552543.0,0.6154666912736549,Sell,0.5986127,True,True,False,0.5574,0.009940510192061965
2024-09-12 07:00:00-05:00,XRPUSDT,0.5369,0.5881,0.5355,0.5574,701327696.0,0.5252159546929781,Buy,0.5529321,True,True,False,0.564,0.009463896431005805
2024-09-18 07:00:00-05:00,XRPUSDT,0.5727,0.5728,0.5616,0.564,79441263.0,0.5942468828465507,Sell,0.565826,False,False,True,0.5942468828465507,0.009187465785034035
2024-09-21 11:00:00-05:00,XRPUSDT,0.5863,0.6127,0.586,0.5998,204099716.0,0.570933998443068,Buy,0.5726046,False,False,False,,0.00918808814225217
2022-01-01 07:00:00-05:00,ONEUSDT,0.2415,0.25385,0.2415,0.2537,5139512.0,0.2177582939670125,Buy,0.223938,True,True,False,0.27915,0.009786238802855585
2022-01-11 23:00:00-05:00,ONEUSDT,0.3103,0.32195,0.3103,0.3215,8057583.0,0.2695807647844615,Buy,0.2791448,True,False,False,0.3215,0.016755008413506203
2022-01-18 07:00:00-05:00,ONEUSDT,0.3247,0.32765,0.3011,0.30735,13201540.0,0.3701869238718064,Sell,0.3184079,True,True,False,0.1958,0.017668597082152557
2022-02-11 11:00:00-05:00,ONEUSDT,0.21265,0.21335,0.1972,0.1987,10277524.0,0.23305856061778632,Sell,0.2020121,True,True,False,0.146,0.009006748986238251
2022-03-04 15:00:00-05:00,ONEUSDT,0.1422,0.14295,0.13815,0.14025,6668499.0,0.16041372240005017,Sell,0.1421213,True,True,False,0.1327,0.0070007777574482176
2022-03-16 15:00:00-05:00,ONEUSDT,0.1276,0.1328,0.1276,0.1327,9762987.0,0.11906570686034042,Buy,0.1179764,True,True,False,0.1531,0.0035708053466493475
2022-04-22 07:00:00-05:00,ONEUSDT,0.1194,0.1199,0.1161,0.1165,4356502.0,0.12843042192638693,Sell,0.1217385,True,True,False,0.0886,0.003486423079906138
2022-05-05 07:00:00-05:00,ONEUSDT,0.08925,0.08985,0.07825,0.07895,22749487.0,0.09753026733955163,Sell,0.0902561,True,True,False,0.05195,0.004099718209249155
2022-05-22 23:00:00-05:00,ONEUSDT,0.049,0.052,0.049,0.05195,12135452.0,0.04445405603658421,Buy,0.0416122,False,False,True,0.04445405603658421,0.002118210572412952
2022-05-29 23:00:00-05:00,ONEUSDT,0.0445,0.04625,0.0442,0.0461,9110564.0,0.040476883165366274,Buy,0.034432,False,False,True,0.040476883165366274,0.0017285225495559534
2022-06-20 23:00:00-05:00,ONEUSDT,0.0271,0.02855,0.0267,0.0281,10291911.0,0.023513372019880734,Buy,0.0202186,False,False,True,0.023513372019880734,0.0014201250905200391
2022-07-04 15:00:00-05:00,ONEUSDT,0.01845,0.0192,0.0182,0.0191,64379566.0,0.016374316733055394,Buy,0.0129379,True,True,False,0.0196,0.0007903029057814194
2022-07-16 23:00:00-05:00,ONEUSDT,0.02175,0.0229,0.0217,0.0223,24293550.0,0.02000807774002342,Buy,0.0138179,True,True,False,0.0229,0.0007963338465615223
2022-07-28 07:00:00-05:00,ONEUSDT,0.02165,0.02275,0.02055,0.02225,61864164.0,0.018351566205330027,Buy,0.0174071,True,True,False,0.02765,0.000995856632157985
2022-09-06 11:00:00-05:00,ONEUSDT,0.0215,0.0215,0.0192,0.01935,108104928.0,0.022878760856529373,Sell,0.0206672,False,False,True,0.022878760856529373,0.000684272737078928
2022-09-09 03:00:00-05:00,ONEUSDT,0.0208,0.02195,0.0208,0.0218,21893931.0,0.019364428738520772,Buy,0.020186,False,False,True,0.019364428738520772,0.0006401230634963123
2022-09-14 19:00:00-05:00,ONEUSDT,0.02095,0.021,0.02,0.02025,17992379.0,0.022816927103032087,Sell,0.0204752,False,True,False,0.0191,0.0007702858813151029
2022-09-26 19:00:00-05:00,ONEUSDT,0.0191,0.0205,0.0191,0.0203,23016898.0,0.018098956243659294,Buy,0.0189795,False,False,True,0.018098956243659294,0.0005191582115072817
2022-10-13 19:00:00-05:00,ONEUSDT,0.01795,0.01865,0.01785,0.0184,19355916.0,0.016325414411178907,Buy,0.0183408,False,False,True,0.016325414411178907,0.0005301656113296571
2022-10-19 15:00:00-05:00,ONEUSDT,0.01765,0.0177,0.0169,0.0171,11402806.0,0.018592212882821035,Sell,0.0178337,False,False,True,0.018592212882821035,0.00040166925410439297
2022-10-25 11:00:00-05:00,ONEUSDT,0.01715,0.01785,0.0171,0.01755,43407442.0,0.016199632258567125,Buy,0.0169003,True,True,False,0.01915,0.0003945938113486942
2022-11-27 19:00:00-05:00,ONEUSDT,0.01405,0.01415,0.01335,0.0135,15539734.0,0.014670471010620212,Sell,0.0138463,False,False,True,0.014670471010620212,0.0002932823801611736
2022-11-30 07:00:00-05:00,ONEUSDT,0.01435,0.0146,0.01425,0.01455,13098805.0,0.013538512116286493,Buy,0.0136261,False,False,True,0.013538512116286493,0.0002911982241558383
2023-01-02 03:00:00-05:00,ONEUSDT,0.0102,0.01035,0.0102,0.01035,4654185.0,0.009754654437577212,Buy,0.010137,True,True,False,0.0245,0.00018724778859720162
2023-02-09 11:00:00-05:00,ONEUSDT,0.0262,0.0262,0.02395,0.0245,48256179.0,0.02964087537536972,Sell,0.0252829,True,True,False,0.01797,0.001362762661369237
2023-02-15 11:00:00-05:00,ONEUSDT,0.02475,0.02665,0.02465,0.02635,39104006.0,0.023116003944417467,Buy,0.0257902,False,False,True,0.023116003944417467,0.0008602731067452256
2023-02-21 23:00:00-05:00,ONEUSDT,0.02505,0.0251,0.02445,0.02485,16230609.0,0.02770319635968719,Sell,0.0272869,True,True,False,0.01797,0.0009528545801476214
2023-03-22 11:00:00-05:00,ONEUSDT,0.0218,0.02205,0.01979,0.01981,113833297.0,0.023912650248274225,Sell,0.0203638,False,False,True,0.023912650248274225,0.0009438569712640303
2023-03-29 03:00:00-05:00,ONEUSDT,0.02055,0.02085,0.02048,0.02081,21396581.0,0.01887997108544644,Buy,0.02021,True,True,False,0.02304,0.0006144119707330241
2023-04-30 19:00:00-05:00,ONEUSDT,0.01946,0.01962,0.01883,0.01915,17980788.0,0.02054249310948287,Sell,0.0210046,True,True,False,0.01776,0.00045996579213213035
2023-05-06 07:00:00-05:00,ONEUSDT,0.01871,0.01872,0.01774,0.01776,22662391.0,0.01948905941805203,Sell,0.0199424,True,True,False,0.01712,0.0003873658035571838
2023-05-17 11:00:00-05:00,ONEUSDT,0.01629,0.01724,0.0162,0.01712,37385542.0,0.015364204632503303,Buy,0.0166806,False,False,True,0.015364204632503303,0.00039522365412761155
2023-05-21 11:00:00-05:00,ONEUSDT,0.01623,0.01625,0.01597,0.01609,7613768.0,0.01675884874658173,Sell,0.0163525,True,True,False,0.01587,0.00024166138392562342
2023-05-28 15:00:00-05:00,ONEUSDT,0.01561,0.01606,0.01561,0.01587,9722053.0,0.01514790831061313,Buy,0.0153858,False,False,True,0.01514790831061313,0.0002286757498212218
2023-05-30 15:00:00-05:00,ONEUSDT,0.01533,0.01536,0.01514,0.01514,7552325.0,0.016086720526801365,Sell,0.015227,True,True,False,0.0113,0.00026171384045032967
2023-06-16 11:00:00-05:00,ONEUSDT,0.01045,0.0113,0.01042,0.0113,49315126.0,0.009785492848677975,Buy,0.0110976,True,True,False,0.01191,0.00033186802591231475
2023-07-01 15:00:00-05:00,ONEUSDT,0.01283,0.01299,0.01277,0.01299,4282924.0,0.011875397274780507,Buy,0.0113925,False,False,True,0.011875397274780507,0.0003621988293539939
2023-07-10 11:00:00-05:00,ONEUSDT,0.01178,0.01251,0.01171,0.01249,45178064.0,0.011129425060815438,Buy,0.0117002,True,True,False,0.01258,0.00031011793343865466
2023-08-08 23:00:00-05:00,ONEUSDT,0.01166,0.01177,0.01164,0.01177,2585467.0,0.01118901076463185,Buy,0.0114113,False,False,True,0.01118901076463185,0.00017222333912354733
2023-08-12 11:00:00-05:00,ONEUSDT,0.01133,0.01134,0.01124,0.01126,6627380.0,0.01165702876934281,Sell,0.0113522,False,False,True,0.01165702876934281,0.00013400250105775435
2023-08-14 07:00:00-05:00,ONEUSDT,0.01136,0.01156,0.01132,0.01155,18330597.0,0.010985579100244398,Buy,0.0112976,False,False,True,0.010985579100244398,0.00014350523179350785
2023-08-15 11:00:00-05:00,ONEUSDT,0.01121,0.01126,0.01025,0.01061,76238034.0,0.011670717040875807,Sell,0.0112404,True,True,False,0.01009,0.00023050433592250073
2023-08-31 11:00:00-05:00,ONEUSDT,0.01006,0.01006,0.00961,0.00978,40953102.0,0.010503914780089574,Sell,0.0099034,False,True,False,0.00975,0.0002033720297294783
2023-09-08 19:00:00-05:00,ONEUSDT,0.00968,0.00975,0.00962,0.00975,4103733.0,0.009256690344909458,Buy,0.0093574,False,False,True,0.009256690344909458,0.0001508141762590666
2023-09-10 07:00:00-05:00,ONEUSDT,0.00945,0.00952,0.00921,0.00934,22759934.0,0.010023290183275744,Sell,0.0093449,False,False,True,0.010023290183275744,0.0001927068770103213
2023-09-15 11:00:00-05:00,ONEUSDT,0.00951,0.00971,0.0095,0.00971,25633542.0,0.009070211983306162,Buy,0.009163,False,True,False,0.00991,0.00019410054231737964
2023-09-30 23:00:00-05:00,ONEUSDT,0.00979,0.00994,0.00977,0.00991,6400967.0,0.009482654907856405,Buy,0.0093766,False,False,True,0.009482654907856405,0.00012760489209877684
2023-10-15 23:00:00-05:00,ONEUSDT,0.00927,0.00947,0.00924,0.0094,13438268.0,0.009013440387794914,Buy,0.0090973,False,False,True,0.009013440387794914,0.00011258780591601089
2023-10-17 07:00:00-05:00,ONEUSDT,0.00921,0.00922,0.00889,0.00901,16491656.0,0.009520732981869359,Sell,0.0090902,False,False,True,0.009520732981869359,0.00013893344786782032
2023-10-20 11:00:00-05:00,ONEUSDT,0.00913,0.0092,0.00909,0.00917,2969744.0,0.00871043606835938,Buy,0.0089721,True,True,False,0.01353,0.00013963256626940446
2023-11-14 03:00:00-05:00,ONEUSDT,0.01418,0.01421,0.01328,0.01353,46339587.0,0.015853510424485462,Sell,0.0138538,False,False,True,0.015853510424485462,0.0006616560818515986
2023-12-12 03:00:00-05:00,ONEUSDT,0.01583,0.0159,0.01537,0.0154,43929517.0,0.017823148740980916,Sell,0.0155603,False,False,True,0.017823148740980916,0.0007113310117465308
2023-12-20 23:00:00-05:00,ONEUSDT,0.01553,0.01571,0.01531,0.01569,25641868.0,0.014328151181026347,Buy,0.0156365,True,True,False,0.01875,0.0004357022197747514
2023-12-31 19:00:00-05:00,ONEUSDT,0.0188,0.01919,0.01874,0.01875,9364339.0,0.020810139220195693,Sell,0.0190957,False,False,True,0.020810139220195693,0.0006736420357480187
2024-01-01 15:00:00-05:00,ONEUSDT,0.01984,0.02083,0.01983,0.02078,33598576.0,0.018379755305751075,Buy,0.0192408,False,False,True,0.018379755305751075,0.0006682215973608266
2024-01-03 07:00:00-05:00,ONEUSDT,0.01975,0.01976,0.01551,0.01785,182590478.0,0.02129569631373445,Sell,0.0196048,True,True,False,0.01751,0.0009455950231705265
2024-01-14 15:00:00-05:00,ONEUSDT,0.01579,0.01607,0.01548,0.01551,25886432.0,0.01724600033680713,Sell,0.018019,True,False,False,0.01551,0.0005750186014347657
2024-01-22 11:00:00-05:00,ONEUSDT,0.01443,0.01454,0.0139,0.01418,29741646.0,0.0157815675434126,Sell,0.0164637,False,True,False,0.01406,0.0004746346167232925
2024-01-31 15:00:00-05:00,ONEUSDT,0.01444,0.01444,0.01387,0.01406,19158268.0,0.015370518657213589,Sell,0.0150451,False,False,True,0.015370518657213589,0.00038342679187946643
2024-02-07 19:00:00-05:00,ONEUSDT,0.01434,0.01453,0.01433,0.0144,8731053.0,0.013793237228449785,Buy,0.0142882,True,True,False,0.02781,0.00022419373817189454
2024-03-27 19:00:00-05:00,ONEUSDT,0.03125,0.03166,0.03064,0.03103,21845048.0,0.03479689841109369,Sell,0.0336874,True,True,False,0.02993,0.0012036010901855787
2024-04-09 19:00:00-05:00,ONEUSDT,0.02777,0.02819,0.0271,0.02764,13469897.0,0.03050902201490492,Sell,0.031043,True,True,False,0.02217,0.0009055225674376614
2024-04-24 19:00:00-05:00,ONEUSDT,0.02104,0.02127,0.02057,0.02067,18639821.0,0.0233179422021654,Sell,0.0227597,True,True,False,0.01918,0.000764363124730663
2024-05-08 03:00:00-05:00,ONEUSDT,0.01924,0.01948,0.01913,0.01918,13199966.0,0.020892142312187445,Sell,0.0191865,False,False,True,0.020892142312187445,0.0005431210263517414
2024-05-09 15:00:00-05:00,ONEUSDT,0.02081,0.02134,0.02068,0.02113,21318370.0,0.01902263687355229,Buy,0.0191426,False,False,True,0.01902263687355229,0.0006230758910521116
2024-05-15 11:00:00-05:00,ONEUSDT,0.01931,0.02019,0.01922,0.02017,15924074.0,0.017655355057020424,Buy,0.0186343,True,True,False,0.02127,0.0006184971678700233
2024-06-03 07:00:00-05:00,ONEUSDT,0.02209,0.02265,0.02199,0.02262,21175863.0,0.02075444167738269,Buy,0.0212687,False,False,True,0.02075444167738269,0.0004995969323879584
2024-06-07 11:00:00-05:00,ONEUSDT,0.02232,0.02234,0.01816,0.02004,166639986.0,0.023276461871176796,Sell,0.0217203,True,True,False,0.01493,0.000724014846351882
2024-06-30 19:00:00-05:00,ONEUSDT,0.01487,0.01513,0.01472,0.01493,12861987.0,0.013938958481553115,Buy,0.0146973,False,False,True,0.013938958481553115,0.00032005172860847104
2024-07-03 03:00:00-05:00,ONEUSDT,0.01408,0.01415,0.01372,0.01389,24476303.0,0.014889958964138469,Sell,0.0143182,True,True,False,0.01322,0.00031056472434837066
2024-07-27 07:00:00-05:00,ONEUSDT,0.01431,0.01478,0.0143,0.01454,15410171.0,0.013561682112698233,Buy,0.0134268,False,False,True,0.013561682112698233,0.0003581048274146373
2024-08-11 15:00:00-05:00,ONEUSDT,0.01061,0.01064,0.01026,0.01038,18795440.0,0.011281413937710781,Sell,0.0110422,False,False,True,0.011281413937710781,0.0003102838260848335
2024-08-13 11:00:00-05:00,ONEUSDT,0.01087,0.01132,0.01086,0.0113,12871583.0,0.01012467545069316,Buy,0.0108471,False,False,True,0.01012467545069316,0.00032753137749285137
2024-08-16 07:00:00-05:00,ONEUSDT,0.01046,0.01054,0.01017,0.01026,54466429.0,0.011252599791765296,Sell,0.0105586,False,False,True,0.011252599791765296,0.00029835438838535277
2024-08-18 07:00:00-05:00,ONEUSDT,0.0107,0.01094,0.0107,0.0109,26927245.0,0.010102960838499547,Buy,0.0103387,True,True,False,0.01271,0.00025208880505992457
2024-09-09 03:00:00-05:00,ONEUSDT,0.01126,0.01162,0.01126,0.01147,45408456.0,0.010641297000913222,Buy,0.0107506,True,True,False,0.01164,0.0002812865244073459
2024-09-18 15:00:00-05:00,ONEUSDT,0.01175,0.01243,0.01164,0.01241,19625041.0,0.010704020742811663,Buy,0.0113031,True,False,False,,0.00037610613407894344
2021-09-19 19:00:00-05:00,DOTUSDT,33.83,33.895,30.84,31.42,879943.7,36.63802683319256,Sell,36.0978966,True,False,False,31.42,1.4234156401606783
2021-09-25 23:00:00-05:00,DOTUSDT,28.965,29.09,26.89,27.345,526585.1,32.66918410046448,Sell,34.3035537,False,False,True,32.66918410046448,1.6261047315499328
2021-10-06 03:00:00-05:00,DOTUSDT,30.32,30.4,29.13,29.72,335507.3,32.379899811020785,Sell,32.5653718,False,False,True,32.379899811020785,0.8952684556962369
2021-10-11 19:00:00-05:00,DOTUSDT,34.145,34.165,32.62,33.05,293619.6,36.92539955198205,Sell,34.1807141,False,False,True,36.92539955198205,1.143611779983562
2021-10-13 11:00:00-05:00,DOTUSDT,34.86,42.365,34.86,42.34,3311839.1,32.181752433173465,Buy,34.6240137,False,True,False,44.855,1.667918406715354
2021-10-27 03:00:00-05:00,DOTUSDT,43.2,43.2,38.325,41.71,1150820.3,46.13969955590437,Sell,43.459145,False,False,True,46.13969955590437,1.435950465314077
2021-11-01 03:00:00-05:00,DOTUSDT,43.515,45.12,43.32,44.855,357514.5,40.463609120373974,Buy,44.2844895,True,True,False,49.295,1.2061216598391782
2021-11-10 11:00:00-05:00,DOTUSDT,51.335,51.895,49.14,49.295,483998.9,54.54513484743557,Sell,51.5489786,True,False,False,49.295,1.2688203385701142
2021-12-03 11:00:00-05:00,DOTUSDT,35.285,35.285,33.485,33.59,459339.4,37.87241640823728,Sell,39.1990076,True,True,False,25.79,1.16665673820217
2021-12-21 19:00:00-05:00,DOTUSDT,25.145,25.92,24.985,25.79,158860.4,23.487907016976358,Buy,25.3981781,True,True,False,29.515,0.6947618147828136
2022-01-02 11:00:00-05:00,DOTUSDT,29.7,30.575,29.275,29.91,639190.6,27.293423904209693,Buy,25.9980452,False,False,True,27.293423904209693,0.908205769397402
2022-01-12 07:00:00-05:00,DOTUSDT,26.14,27.355,26.12,27.105,393895.1,24.31644754314089,Buy,24.7535611,False,False,True,24.31644754314089,0.8608703921684989
2022-01-31 11:00:00-05:00,DOTUSDT,18.63,19.18,18.41,19.085,274755.5,16.849122636438008,Buy,18.5812995,False,True,False,20.455,0.6498207780400104
2022-02-04 15:00:00-05:00,DOTUSDT,20.225,20.49,19.985,20.455,89831.9,18.36213897444225,Buy,18.0266101,True,True,False,20.5,0.6368295483788107
2022-02-15 07:00:00-05:00,DOTUSDT,19.7,20.12,19.625,19.985,131496.8,18.297933471516682,Buy,18.4057424,False,False,True,18.297933471516682,0.5604306580941119
2022-02-17 11:00:00-05:00,DOTUSDT,18.6,18.745,17.75,18.295,282473.1,20.238782656798012,Sell,18.317991,True,True,False,17.235,0.6171677762365506
2022-02-25 15:00:00-05:00,DOTUSDT,16.375,17.51,16.29,17.235,200835.8,14.637351976176795,Buy,16.3465609,False,True,False,17.815,0.7314290012477381
2022-03-08 23:00:00-05:00,DOTUSDT,17.715,17.865,17.56,17.815,78722.0,16.180932276910543,Buy,16.2239427,True,True,False,21.325,0.523735153081745
2022-04-02 03:00:00-05:00,DOTUSDT,22.38,23.39,22.31,23.2,216806.7,20.86415126279721,Buy,20.6268769,False,False,True,20.86415126279721,0.6384102246558914
2022-04-06 03:00:00-05:00,DOTUSDT,21.495,21.515,20.78,20.905,158246.2,23.048256539128666,Sell,21.4932811,True,True,False,18.8,0.6279990511669243
2022-04-24 19:00:00-05:00,DOTUSDT,18.155,18.185,17.535,17.825,286890.6,19.128659416537047,Sell,18.7771646,True,True,False,16.045,0.41978023610303616
2022-05-05 07:00:00-05:00,DOTUSDT,15.895,16.02,14.18,14.46,948503.9,16.970412853738964,Sell,16.3207399,True,True,False,11.44,0.5320294711843562
2022-05-26 03:00:00-05:00,DOTUSDT,9.725,9.73,9.08,9.195,1013140.9,10.476535278053579,Sell,9.4598159,False,False,True,10.476535278053579,0.35305263872349724
2022-05-29 19:00:00-05:00,DOTUSDT,9.975,10.42,9.9,10.24,714365.3,9.121136701650233,Buy,8.9123644,False,False,True,9.121136701650233,0.37091260667560394
2022-06-15 15:00:00-05:00,DOTUSDT,7.85,8.785,7.805,8.485,1545059.8,6.496093038021583,Buy,7.3799337,False,False,True,6.496093038021583,0.5038905655918506
2022-06-18 11:00:00-05:00,DOTUSDT,6.825,6.925,6.535,6.555,638559.3,7.745021329104613,Sell,6.9720935,False,False,True,7.745021329104613,0.3813293292995789
2022-06-20 03:00:00-05:00,DOTUSDT,7.345,8.02,7.33,7.965,919006.9,6.4813035719657215,Buy,6.8086813,False,False,True,6.4813035719657215,0.39877926110729767
2022-07-07 11:00:00-05:00,DOTUSDT,7.115,7.31,7.11,7.3,760002.2,6.689841762310902,Buy,6.2771612,False,False,True,6.689841762310902,0.19078641275254535
2022-07-15 11:00:00-05:00,DOTUSDT,6.815,6.95,6.74,6.94,711363.4,6.3127509336910395,Buy,6.0940405,True,True,False,7.055,0.1806844756919526
2022-07-27 11:00:00-05:00,DOTUSDT,6.815,7.275,6.71,7.235,1877559.2,6.294753069891634,Buy,6.5600676,True,True,False,7.69,0.2211467370095631
2022-08-05 15:00:00-05:00,DOTUSDT,8.515,8.835,8.47,8.795,670999.6,7.7982409253402105,Buy,7.5293764,False,False,True,7.7982409253402105,0.2875983918695206
2022-09-02 07:00:00-05:00,DOTUSDT,7.25,7.565,7.235,7.535,1204587.2,6.858413536706379,Buy,7.4248051,False,False,True,6.858413536706379,0.17679238668829525
2022-09-06 11:00:00-05:00,DOTUSDT,7.565,7.59,6.865,6.92,2360827.2,7.984933257043655,Sell,7.337511,False,False,True,7.984933257043655,0.20595451269144474
2022-09-08 19:00:00-05:00,DOTUSDT,7.38,7.57,7.355,7.535,383913.5,6.864600759076764,Buy,7.2587085,False,False,True,6.864600759076764,0.1933975492280439
2022-09-13 07:00:00-05:00,DOTUSDT,7.875,7.95,7.2,7.23,2332658.6,8.436355240333631,Sell,7.3894628,True,True,False,6.75,0.2398877573777143
2022-09-26 19:00:00-05:00,DOTUSDT,6.555,6.78,6.535,6.75,1089535.7,6.1743767232226805,Buy,6.5143308,False,False,True,6.1743767232226805,0.15958342144984414
2022-09-27 19:00:00-05:00,DOTUSDT,6.36,6.41,6.17,6.255,968508.7,6.8269041776923105,Sell,6.4845107,True,True,False,6.23,0.16842815943836392
2022-10-04 15:00:00-05:00,DOTUSDT,6.475,6.525,6.46,6.485,492415.9,6.223918378475429,Buy,6.2650341,False,False,True,6.223918378475429,0.09939497908259749
2022-10-13 19:00:00-05:00,DOTUSDT,6.105,6.265,6.08,6.23,418503.7,5.708796912783058,Buy,6.1045985,True,True,False,6.25,0.1272161499354866
2022-10-20 11:00:00-05:00,DOTUSDT,6.105,6.11,5.89,5.96,929406.9,6.349353301991007,Sell,6.002978,False,False,True,6.349353301991007,0.10595651893666416
2022-10-25 07:00:00-05:00,DOTUSDT,5.945,6.18,5.93,6.15,1273074.1,5.751995403270822,Buy,5.8535667,True,False,False,6.15,0.09489018119214863
2022-11-03 23:00:00-05:00,DOTUSDT,6.585,6.72,6.57,6.685,512211.6,6.198201506580451,Buy,6.2186905,True,False,False,6.685,0.14329584227205983
2022-11-27 19:00:00-05:00,DOTUSDT,5.295,5.315,5.055,5.12,2313487.5,5.537119220826872,Sell,5.4196691,False,False,True,5.537119220826872,0.10723762384303082
2022-11-30 15:00:00-05:00,DOTUSDT,5.415,5.505,5.41,5.465,636761.2,5.138268840414073,Buy,5.3233413,False,False,True,5.138268840414073,0.10422728527578272
2022-12-13 23:00:00-05:00,DOTUSDT,5.28,5.31,5.265,5.3,281221.8,5.059673884503542,Buy,5.1875955,False,False,True,5.059673884503542,0.07447701833801679
2022-12-16 03:00:00-05:00,DOTUSDT,5.23,5.25,5.065,5.1,1418991.2,5.409694269024373,Sell,5.1554942,True,True,False,4.57,0.07953868377744164
2022-12-26 15:00:00-05:00,DOTUSDT,4.53,4.575,4.515,4.57,447223.1,4.419239061789791,Buy,4.5428996,False,False,True,4.419239061789791,0.04627105210592244
2022-12-27 23:00:00-05:00,DOTUSDT,4.435,4.445,4.25,4.35,1888767.3,4.566839107974912,Sell,4.4957897,False,False,True,4.566839107974912,0.06131688611451038
2023-01-01 19:00:00-05:00,DOTUSDT,4.37,4.45,4.31,4.44,793500.6,4.2094462331849405,Buy,4.306988,True,True,False,6.14,0.05466292826291408
2023-01-30 11:00:00-05:00,DOTUSDT,6.285,6.34,5.995,6.14,1444589.5,6.685266507238365,Sell,6.2108463,False,False,True,6.685266507238365,0.16033330263611667
2023-02-01 19:00:00-05:00,DOTUSDT,6.455,6.58,6.445,6.535,713114.5,6.034270816946599,Buy,6.2814452,True,False,False,6.535,0.1518486615363235
2023-02-06 15:00:00-05:00,DOTUSDT,6.654,6.656,6.37,6.491,730876.9,7.038451350846065,Sell,6.6028604,True,True,False,6.423,0.16643446995931493
2023-02-22 07:00:00-05:00,DOTUSDT,7.101,7.137,6.885,6.935,1018152.9,7.590848578523646,Sell,7.0678104,True,True,False,5.892,0.19398138548483726
2023-03-20 23:00:00-05:00,DOTUSDT,6.145,6.168,6.002,6.04,564652.4,6.581913555501577,Sell,6.1798494,False,False,True,6.581913555501577,0.17202812716574778
2023-03-28 23:00:00-05:00,DOTUSDT,6.103,6.261,6.094,6.22,467467.3,5.802752429002978,Buy,6.0903525,False,True,False,6.444,0.12456497906357444
2023-04-06 23:00:00-05:00,DOTUSDT,6.233,6.254,6.14,6.159,593938.8,6.507731721586447,Sell,6.2407692,False,False,True,6.507731721586447,0.10992722249231776
2023-04-10 23:00:00-05:00,DOTUSDT,6.333,6.469,6.311,6.444,722591.1,6.109062536459448,Buy,6.2262473,True,True,False,6.474,0.09007757005023276
2023-04-19 03:00:00-05:00,DOTUSDT,6.828,6.829,6.227,6.474,4734773.9,7.076328323102676,Sell,6.5391049,True,True,False,6.201,0.14794090915880095
2023-04-26 11:00:00-05:00,DOTUSDT,6.201,6.203,5.692,5.757,3207150.5,6.443229313175684,Sell,6.2288232,False,True,False,5.601,0.13777514570862603
2023-05-06 07:00:00-05:00,DOTUSDT,5.784,5.784,5.581,5.601,1452287.7,5.9915837710627144,Sell,5.8886191,True,True,False,5.42,0.09483763838895995
2023-05-22 19:00:00-05:00,DOTUSDT,5.309,5.447,5.288,5.42,497196.1,5.174517121703054,Buy,5.2955515,False,False,True,5.174517121703054,0.06103718912913106
2023-05-25 19:00:00-05:00,DOTUSDT,5.242,5.249,5.197,5.213,153890.3,5.393926100978769,Sell,5.244037,False,False,True,5.393926100978769,0.05922501475177548
2023-05-28 07:00:00-05:00,DOTUSDT,5.373,5.399,5.363,5.387,167916.1,5.245146512723114,Buy,5.2192573,True,False,False,5.387,0.04946615281973197
2023-06-18 03:00:00-05:00,DOTUSDT,4.53,4.664,4.53,4.608,767188.7,4.367751970028057,Buy,4.5929052,True,True,False,4.867,0.08184838252416893
2023-06-30 23:00:00-05:00,DOTUSDT,5.192,5.222,5.106,5.219,423981.5,4.7139423512403855,Buy,4.783948,False,True,False,5.246,0.13687723647779168
2023-07-11 19:00:00-05:00,DOTUSDT,5.208,5.306,5.202,5.246,345914.9,5.035756632928626,Buy,5.0549082,True,False,False,5.246,0.07493583068217423
2023-07-20 19:00:00-05:00,DOTUSDT,5.352,5.7,5.332,5.654,2306874.6,5.0674961583087725,Buy,5.2417082,False,False,True,5.0674961583087725,0.1270025430386565
2023-07-31 07:00:00-05:00,DOTUSDT,5.169,5.184,5.115,5.121,588140.7,5.335620386084019,Sell,5.2643678,True,True,False,4.562,0.06119191845056222
2023-08-28 07:00:00-05:00,DOTUSDT,4.457,4.583,4.456,4.562,787516.9,4.353379698399738,Buy,4.526119,True,False,False,4.562,0.051815520520407894
2023-08-31 07:00:00-05:00,DOTUSDT,4.488,4.488,4.342,4.366,1806846.9,4.620674855985957,Sell,4.500157,True,True,False,4.191,0.06502395236895285
2023-09-15 19:00:00-05:00,DOTUSDT,4.135,4.219,4.133,4.191,681397.4,4.002825392749423,Buy,4.0625046,False,False,True,4.002825392749423,0.05929238999411508
2023-09-28 23:00:00-05:00,DOTUSDT,4.073,4.117,4.062,4.107,434958.1,3.9604243629120486,Buy,3.9405625,True,False,False,4.107,0.04226862923676706
2023-10-20 03:00:00-05:00,DOTUSDT,3.722,3.8,3.722,3.754,1407360.7,3.60424585322951,Buy,3.6912122,True,True,False,5.146,0.04932974182426761
2023-11-30 07:00:00-05:00,DOTUSDT,5.203,5.498,5.178,5.494,3386169.1,4.988826966044626,Buy,5.3966281,True,True,False,6.666,0.10612852483614972
2023-12-13 15:00:00-05:00,DOTUSDT,7.28,7.661,7.241,7.609,3023496.5,6.453982836834839,Buy,6.5431493,False,False,True,6.453982836834839,0.31340142492607226
2023-12-18 03:00:00-05:00,DOTUSDT,6.666,6.724,6.374,6.544,2708826.8,7.188993718360425,Sell,6.9387166,False,False,True,7.188993718360425,0.2289023552298795
2023-12-20 23:00:00-05:00,DOTUSDT,7.13,7.49,7.118,7.446,2879971.3,6.667260872145381,Buy,7.052101,True,True,False,8.216,0.20807105737408904
2023-12-30 03:00:00-05:00,DOTUSDT,8.33,8.361,8.098,8.216,1270672.8,9.0395737606564,Sell,8.4093913,True,True,False,7.991,0.29727531353816694
2024-01-18 03:00:00-05:00,DOTUSDT,7.347,7.356,7.18,7.214,1012623.5,7.724579480139472,Sell,7.9911556,True,True,False,6.863,0.17640317197009991
2024-02-21 03:00:00-05:00,DOTUSDT,7.427,7.475,7.214,7.323,1767334.3,8.06485251726182,Sell,7.4590086,False,False,True,8.06485251726182,0.21662129230035265
2024-02-25 15:00:00-05:00,DOTUSDT,7.839,7.948,7.772,7.927,1259232.4,7.426661990145302,Buy,7.5700053,True,False,False,7.927,0.16348331079508074
2024-03-11 11:00:00-05:00,DOTUSDT,10.87,11.261,10.721,11.046,2267674.1,9.856782379393714,Buy,9.8157921,False,False,True,9.856782379393714,0.37258530807000845
2024-03-16 07:00:00-05:00,DOTUSDT,10.354,10.388,10.071,10.294,1140056.8,11.70560867130987,Sell,10.5418096,True,True,False,9.734,0.49658943830500885
2024-03-31 23:00:00-05:00,DOTUSDT,9.678,9.757,9.05,9.348,2816848.0,10.031615605647044,Sell,9.9697333,True,True,False,8.985,0.19912201027298618
2024-04-09 23:00:00-05:00,DOTUSDT,8.572,8.627,8.509,8.538,395129.8,9.233987227345915,Sell,9.1882491,True,True,False,7.24,0.20641674869947535
2024-04-24 07:00:00-05:00,DOTUSDT,7.424,7.445,7.006,7.021,1777476.0,7.791323644386685,Sell,7.2713767,True,True,False,6.72,0.18529648890365746
2024-05-01 11:00:00-05:00,DOTUSDT,6.488,6.926,6.431,6.72,3192757.3,5.897199516368093,Buy,6.6934443,False,True,False,6.918,0.21703559859393615
2024-05-15 07:00:00-05:00,DOTUSDT,6.548,6.935,6.516,6.86,2594920.6,6.222496724728419,Buy,6.5644841,True,True,False,7.131,0.1484616330844161
2024-05-27 07:00:00-05:00,DOTUSDT,7.486,7.742,7.461,7.731,924024.8,7.17167600274119,Buy,7.0173989,False,False,True,7.17167600274119,0.14337581031916932
2024-05-29 23:00:00-05:00,DOTUSDT,7.23,7.238,6.945,6.978,1184845.9,7.573546216406193,Sell,7.0798586,True,False,False,6.978,0.1568164899872058
2024-06-14 07:00:00-05:00,DOTUSDT,6.402,6.41,6.189,6.217,1696708.3,6.763204038889603,Sell,6.6480997,True,True,False,5.937,0.1517305307403762
2024-06-25 07:00:00-05:00,DOTUSDT,5.861,5.973,5.844,5.937,1547411.7,5.503389776869974,Buy,5.874601,True,True,False,6.06,0.13049667964180642
2024-07-06 07:00:00-05:00,DOTUSDT,5.989,6.042,5.868,6.003,1980910.9,5.22162200562464,Buy,5.8206745,False,True,False,6.079,0.2280213244899066
2024-08-11 15:00:00-05:00,DOTUSDT,4.56,4.562,4.462,4.492,1044087.0,4.77169033163149,Sell,4.8263478,True,False,False,4.492,0.10313027582641059
2024-08-19 19:00:00-05:00,DOTUSDT,4.477,4.6,4.466,4.571,844392.5,4.280626930248903,Buy,4.3741607,True,True,False,4.718,0.08200867782559547
2024-09-09 11:00:00-05:00,DOTUSDT,4.192,4.318,4.192,4.317,1113038.0,4.02747650301894,Buy,3.9902875,False,False,True,4.02747650301894,0.07886150766778569
2024-09-19 07:00:00-05:00,DOTUSDT,4.211,4.295,4.196,4.275,2176516.6,3.9826795865556335,Buy,4.0341394,False,False,False,,0.08449943238611123
